{"cameraMode":{"drawMode":0,"name":"Shaded","section":"Shading Mode"},"sceneLighting":true,"audioPlay":false,"sceneViewState":{"m_AlwaysRefresh":false,"showFog":true,"showSkybox":true,"showFlares":true,"showImageEffects":true,"showParticleSystems":true,"showVisualEffectGraphs":true,"m_FxEnabled":true},"in2DMode":false,"pivot":{"x":1.0969196557998658,"y":6.5002121925354,"z":27.553081512451173},"rotation":{"x":0.052149947732686999,"y":0.0323522575199604,"z":-0.0016952193109318615,"w":0.9981330037117004},"size":18.515703201293947,"orthographic":false}