{"cameraMode":{"drawMode":0,"name":"Shaded","section":"Shading Mode"},"sceneLighting":false,"audioPlay":false,"sceneViewState":{"m_AlwaysRefresh":false,"showFog":true,"showSkybox":false,"showFlares":true,"showImageEffects":true,"showParticleSystems":true,"showVisualEffectGraphs":true,"m_FxEnabled":true},"in2DMode":false,"pivot":{"x":2.6809029579162599,"y":1.4649310111999512,"z":-68.32969665527344},"rotation":{"x":-0.0051790084689855579,"y":0.9937862753868103,"z":0.05252102017402649,"w":0.09809982776641846},"size":1.0900131464004517,"orthographic":false}