{"cameraMode":{"drawMode":0,"name":"Shaded","section":"Shading Mode"},"sceneLighting":false,"audioPlay":false,"sceneViewState":{"m_AlwaysRefresh":false,"showFog":true,"showSkybox":false,"showFlares":true,"showImageEffects":true,"showParticleSystems":true,"showVisualEffectGraphs":true,"m_FxEnabled":true},"in2DMode":false,"pivot":{"x":-1.440783977508545,"y":3.0956308841705324,"z":-1.0352206230163575},"rotation":{"x":0.035028718411922458,"y":0.957528293132782,"z":-0.13210409879684449,"w":0.25389912724494936},"size":4.057193756103516,"orthographic":false}