{"cameraMode":{"drawMode":0,"name":"Shaded","section":"Shading Mode"},"sceneLighting":false,"audioPlay":false,"sceneViewState":{"m_AlwaysRefresh":false,"showFog":false,"showSkybox":false,"showFlares":false,"showImageEffects":false,"showParticleSystems":false,"showVisualEffectGraphs":true,"m_FxEnabled":true},"in2DMode":false,"pivot":{"x":-0.00005078315734863281,"y":0.8080623149871826,"z":0.05928128585219383},"rotation":{"x":0.13729509711265565,"y":-0.718422532081604,"z":0.14818769693374635,"w":0.6656562089920044},"size":1.3026190996170045,"orthographic":false}