{"cameraMode":{"drawMode":0,"name":"Shaded","section":"Shading Mode"},"sceneLighting":false,"audioPlay":false,"sceneViewState":{"m_AlwaysRefresh":false,"showFog":true,"showSkybox":false,"showFlares":true,"showImageEffects":true,"showParticleSystems":true,"showVisualEffectGraphs":true,"m_FxEnabled":true},"in2DMode":false,"pivot":{"x":0.24999991059303285,"y":0.9999998807907105,"z":0.24999991059303285},"rotation":{"x":-0.17186525464057923,"y":0.7527114152908325,"z":-0.21630927920341493,"w":-0.5976822376251221},"size":1.0606601238250733,"orthographic":false}