{"cameraMode":{"drawMode":0,"name":"Shaded","section":"Shading Mode"},"sceneLighting":false,"audioPlay":false,"sceneViewState":{"m_AlwaysRefresh":false,"showFog":true,"showSkybox":false,"showFlares":true,"showImageEffects":true,"showParticleSystems":true,"showVisualEffectGraphs":true,"m_FxEnabled":true},"in2DMode":false,"pivot":{"x":-0.05803048610687256,"y":4.417119026184082,"z":-0.7356551885604858},"rotation":{"x":0.035028718411922458,"y":0.957528293132782,"z":-0.13210409879684449,"w":0.25389912724494936},"size":6.717621326446533,"orthographic":false}